{
  "tests": [
    {
      "name": "SteganographyTestActivity1",
      "setup": "",
      "run": "gradle test --tests SteganographyTestActivity1",
      "input": "",
      "output": "",
      "comparison": "included",
      "timeout": 10,
      "points": 1
    },
    {
      "name": "SteganographyTestActivity2",
      "setup": "",
      "run": "gradle test --tests SteganographyTestActivity2",
      "input": "",
      "output": "",
      "comparison": "included",
      "timeout": 10,
      "points": 1
    },
    {
      "name": "SteganographyTestActivity3",
      "setup": "",
      "run": "gradle test --tests SteganographyTestActivity3",
      "input": "",
      "output": "",
      "comparison": "included",
      "timeout": 10,
      "points": 1
    },
    {
      "name": "SteganographyTestActivity4",
      "setup": "",
      "run": "gradle test --tests SteganographyTestActivity4",
      "input": "",
      "output": "",
      "comparison": "included",
      "timeout": 10,
      "points": 1
    }
  ]
}