{
  "tests": [
    {
      "name": "FracCalcTestCheckpoint1",
      "setup": "",
      "run": "gradle test --tests FracCalcTestCheckpoint1",
      "input": "",
      "output": "",
      "comparison": "included",
      "timeout": 10,
      "points": 1
    },
    {
      "name": "FracCalcTestCheckpoint2",
      "setup": "",
      "run": "gradle test --tests FracCalcTestCheckpoint2",
      "input": "",
      "output": "",
      "comparison": "included",
      "timeout": 10,
      "points": 1
    },
    {
      "name": "FracCalcTestCheckpoint3",
      "setup": "",
      "run": "gradle test --tests FracCalcTestCheckpoint3",
      "input": "",
      "output": "",
      "comparison": "included",
      "timeout": 10,
      "points": 1
    },
    {
      "name": "FracCalcTestFinal",
      "setup": "",
      "run": "gradle test --tests FracCalcTestFinal",
      "input": "",
      "output": "",
      "comparison": "included",
      "timeout": 10,
      "points": 1
    }
  ]
}